--
-- PostgreSQL database dump
--

-- Dumped from database version 12.3
-- Dumped by pg_dump version 12.3

SET statement_timeout = 0;
SET lock_timeout = 0;
SET idle_in_transaction_session_timeout = 0;
SET client_encoding = 'UTF8';
SET standard_conforming_strings = on;
SELECT pg_catalog.set_config('search_path', '', false);
SET check_function_bodies = false;
SET xmloption = content;
SET client_min_messages = warning;
SET row_security = off;

SET default_tablespace = '';

SET default_table_access_method = heap;

--
-- Name: exercise_logs; Type: TABLE; Schema: public; Owner: michaelprovenzano
--

CREATE TABLE public.exercise_logs (
    exercise_log_id integer NOT NULL,
    workout_exercise_id integer NOT NULL,
    workout_log_id integer NOT NULL,
    user_id integer NOT NULL,
    total_reps smallint,
    reps_left smallint,
    reps_right smallint,
    total_weight smallint,
    weight_left smallint,
    weight_right smallint,
    notes text,
    date date,
    created_at timestamp(6) with time zone,
    total_weight_lifted smallint
);


ALTER TABLE public.exercise_logs OWNER TO michaelprovenzano;

--
-- Name: exercise_logs_id_seq; Type: SEQUENCE; Schema: public; Owner: michaelprovenzano
--

CREATE SEQUENCE public.exercise_logs_id_seq
    AS integer
    START WITH 1
    INCREMENT BY 1
    NO MINVALUE
    NO MAXVALUE
    CACHE 1;


ALTER TABLE public.exercise_logs_id_seq OWNER TO michaelprovenzano;

--
-- Name: exercise_logs_id_seq; Type: SEQUENCE OWNED BY; Schema: public; Owner: michaelprovenzano
--

ALTER SEQUENCE public.exercise_logs_id_seq OWNED BY public.exercise_logs.exercise_log_id;


--
-- Name: exercises; Type: TABLE; Schema: public; Owner: michaelprovenzano
--

CREATE TABLE public.exercises (
    exercise_id integer NOT NULL,
    exercise text,
    has_reps boolean,
    is_isometric boolean,
    has_weight boolean
);


ALTER TABLE public.exercises OWNER TO michaelprovenzano;

--
-- Name: exercises_id_seq; Type: SEQUENCE; Schema: public; Owner: michaelprovenzano
--

CREATE SEQUENCE public.exercises_id_seq
    AS integer
    START WITH 1
    INCREMENT BY 1
    NO MINVALUE
    NO MAXVALUE
    CACHE 1;


ALTER TABLE public.exercises_id_seq OWNER TO michaelprovenzano;

--
-- Name: exercises_id_seq; Type: SEQUENCE OWNED BY; Schema: public; Owner: michaelprovenzano
--

ALTER SEQUENCE public.exercises_id_seq OWNED BY public.exercises.exercise_id;


--
-- Name: login; Type: TABLE; Schema: public; Owner: michaelprovenzano
--

CREATE TABLE public.login (
    id integer NOT NULL,
    email text NOT NULL,
    password text NOT NULL
);


ALTER TABLE public.login OWNER TO michaelprovenzano;

--
-- Name: login_id_seq; Type: SEQUENCE; Schema: public; Owner: michaelprovenzano
--

CREATE SEQUENCE public.login_id_seq
    AS integer
    START WITH 1
    INCREMENT BY 1
    NO MINVALUE
    NO MAXVALUE
    CACHE 1;


ALTER TABLE public.login_id_seq OWNER TO michaelprovenzano;

--
-- Name: login_id_seq; Type: SEQUENCE OWNED BY; Schema: public; Owner: michaelprovenzano
--

ALTER SEQUENCE public.login_id_seq OWNED BY public.login.id;


--
-- Name: program_logs; Type: TABLE; Schema: public; Owner: michaelprovenzano
--

CREATE TABLE public.program_logs (
    program_log_id integer NOT NULL,
    program_id smallint NOT NULL,
    user_id integer NOT NULL,
    start_date date,
    created_at date NOT NULL,
    end_date date,
    status text,
    next_workout integer,
    next_workout_date date,
    workout_schedule date[],
    active_workout_log integer,
    next_workout_index integer,
    next_program_workout integer
);


ALTER TABLE public.program_logs OWNER TO michaelprovenzano;

--
-- Name: program_logs_id_seq; Type: SEQUENCE; Schema: public; Owner: michaelprovenzano
--

CREATE SEQUENCE public.program_logs_id_seq
    AS integer
    START WITH 1
    INCREMENT BY 1
    NO MINVALUE
    NO MAXVALUE
    CACHE 1;


ALTER TABLE public.program_logs_id_seq OWNER TO michaelprovenzano;

--
-- Name: program_logs_id_seq; Type: SEQUENCE OWNED BY; Schema: public; Owner: michaelprovenzano
--

ALTER SEQUENCE public.program_logs_id_seq OWNED BY public.program_logs.program_log_id;


--
-- Name: programs; Type: TABLE; Schema: public; Owner: michaelprovenzano
--

CREATE TABLE public.programs (
    program_id integer NOT NULL,
    name text,
    mode text,
    schedule integer[],
    company text
);


ALTER TABLE public.programs OWNER TO michaelprovenzano;

--
-- Name: programs_id_seq; Type: SEQUENCE; Schema: public; Owner: michaelprovenzano
--

CREATE SEQUENCE public.programs_id_seq
    AS integer
    START WITH 1
    INCREMENT BY 1
    NO MINVALUE
    NO MAXVALUE
    CACHE 1;


ALTER TABLE public.programs_id_seq OWNER TO michaelprovenzano;

--
-- Name: programs_id_seq; Type: SEQUENCE OWNED BY; Schema: public; Owner: michaelprovenzano
--

ALTER SEQUENCE public.programs_id_seq OWNED BY public.programs.program_id;


--
-- Name: programs_workouts; Type: TABLE; Schema: public; Owner: michaelprovenzano
--

CREATE TABLE public.programs_workouts (
    program_id integer NOT NULL,
    workout_id integer NOT NULL,
    workout_order integer NOT NULL,
    alternate_workout_id integer,
    program_workout_id integer NOT NULL
);


ALTER TABLE public.programs_workouts OWNER TO michaelprovenzano;

--
-- Name: programs_workouts_program_workout_id_seq; Type: SEQUENCE; Schema: public; Owner: michaelprovenzano
--

CREATE SEQUENCE public.programs_workouts_program_workout_id_seq
    AS integer
    START WITH 1
    INCREMENT BY 1
    NO MINVALUE
    NO MAXVALUE
    CACHE 1;


ALTER TABLE public.programs_workouts_program_workout_id_seq OWNER TO michaelprovenzano;

--
-- Name: programs_workouts_program_workout_id_seq; Type: SEQUENCE OWNED BY; Schema: public; Owner: michaelprovenzano
--

ALTER SEQUENCE public.programs_workouts_program_workout_id_seq OWNED BY public.programs_workouts.program_workout_id;


--
-- Name: users; Type: TABLE; Schema: public; Owner: michaelprovenzano
--

CREATE TABLE public.users (
    id integer NOT NULL,
    email text NOT NULL,
    name text,
    created_at timestamp(0) with time zone,
    role text
);


ALTER TABLE public.users OWNER TO michaelprovenzano;

--
-- Name: users_id_seq; Type: SEQUENCE; Schema: public; Owner: michaelprovenzano
--

CREATE SEQUENCE public.users_id_seq
    AS integer
    START WITH 1
    INCREMENT BY 1
    NO MINVALUE
    NO MAXVALUE
    CACHE 1;


ALTER TABLE public.users_id_seq OWNER TO michaelprovenzano;

--
-- Name: users_id_seq; Type: SEQUENCE OWNED BY; Schema: public; Owner: michaelprovenzano
--

ALTER SEQUENCE public.users_id_seq OWNED BY public.users.id;


--
-- Name: workout_logs; Type: TABLE; Schema: public; Owner: michaelprovenzano
--

CREATE TABLE public.workout_logs (
    workout_log_id integer NOT NULL,
    program_log_id integer NOT NULL,
    user_id integer NOT NULL,
    date date NOT NULL,
    created_at timestamp without time zone NOT NULL,
    skipped boolean,
    active boolean DEFAULT true,
    progress real,
    workout_index integer,
    program_workout_id integer NOT NULL,
    days_postponed smallint NOT NULL,
    workout_id integer
);


ALTER TABLE public.workout_logs OWNER TO michaelprovenzano;

--
-- Name: workout_logs_id_seq; Type: SEQUENCE; Schema: public; Owner: michaelprovenzano
--

CREATE SEQUENCE public.workout_logs_id_seq
    AS integer
    START WITH 1
    INCREMENT BY 1
    NO MINVALUE
    NO MAXVALUE
    CACHE 1;


ALTER TABLE public.workout_logs_id_seq OWNER TO michaelprovenzano;

--
-- Name: workout_logs_id_seq; Type: SEQUENCE OWNED BY; Schema: public; Owner: michaelprovenzano
--

ALTER SEQUENCE public.workout_logs_id_seq OWNED BY public.workout_logs.workout_log_id;


--
-- Name: workouts; Type: TABLE; Schema: public; Owner: michaelprovenzano
--

CREATE TABLE public.workouts (
    workout_id integer NOT NULL,
    name text,
    exercises integer[],
    program text
);


ALTER TABLE public.workouts OWNER TO michaelprovenzano;

--
-- Name: workouts_exercises; Type: TABLE; Schema: public; Owner: michaelprovenzano
--

CREATE TABLE public.workouts_exercises (
    workout_exercise_id integer NOT NULL,
    exercise_id integer NOT NULL,
    workout_id integer NOT NULL,
    exercise_order smallint NOT NULL
);


ALTER TABLE public.workouts_exercises OWNER TO michaelprovenzano;

--
-- Name: workouts_exercises_workout_exercise_id_seq; Type: SEQUENCE; Schema: public; Owner: michaelprovenzano
--

CREATE SEQUENCE public.workouts_exercises_workout_exercise_id_seq
    AS integer
    START WITH 1
    INCREMENT BY 1
    NO MINVALUE
    NO MAXVALUE
    CACHE 1;


ALTER TABLE public.workouts_exercises_workout_exercise_id_seq OWNER TO michaelprovenzano;

--
-- Name: workouts_exercises_workout_exercise_id_seq; Type: SEQUENCE OWNED BY; Schema: public; Owner: michaelprovenzano
--

ALTER SEQUENCE public.workouts_exercises_workout_exercise_id_seq OWNED BY public.workouts_exercises.workout_exercise_id;


--
-- Name: workouts_id_seq; Type: SEQUENCE; Schema: public; Owner: michaelprovenzano
--

CREATE SEQUENCE public.workouts_id_seq
    AS integer
    START WITH 1
    INCREMENT BY 1
    NO MINVALUE
    NO MAXVALUE
    CACHE 1;


ALTER TABLE public.workouts_id_seq OWNER TO michaelprovenzano;

--
-- Name: workouts_id_seq; Type: SEQUENCE OWNED BY; Schema: public; Owner: michaelprovenzano
--

ALTER SEQUENCE public.workouts_id_seq OWNED BY public.workouts.workout_id;


--
-- Name: exercise_logs exercise_log_id; Type: DEFAULT; Schema: public; Owner: michaelprovenzano
--

ALTER TABLE ONLY public.exercise_logs ALTER COLUMN exercise_log_id SET DEFAULT nextval('public.exercise_logs_id_seq'::regclass);


--
-- Name: exercises exercise_id; Type: DEFAULT; Schema: public; Owner: michaelprovenzano
--

ALTER TABLE ONLY public.exercises ALTER COLUMN exercise_id SET DEFAULT nextval('public.exercises_id_seq'::regclass);


--
-- Name: login id; Type: DEFAULT; Schema: public; Owner: michaelprovenzano
--

ALTER TABLE ONLY public.login ALTER COLUMN id SET DEFAULT nextval('public.login_id_seq'::regclass);


--
-- Name: program_logs program_log_id; Type: DEFAULT; Schema: public; Owner: michaelprovenzano
--

ALTER TABLE ONLY public.program_logs ALTER COLUMN program_log_id SET DEFAULT nextval('public.program_logs_id_seq'::regclass);


--
-- Name: programs program_id; Type: DEFAULT; Schema: public; Owner: michaelprovenzano
--

ALTER TABLE ONLY public.programs ALTER COLUMN program_id SET DEFAULT nextval('public.programs_id_seq'::regclass);


--
-- Name: programs_workouts program_workout_id; Type: DEFAULT; Schema: public; Owner: michaelprovenzano
--

ALTER TABLE ONLY public.programs_workouts ALTER COLUMN program_workout_id SET DEFAULT nextval('public.programs_workouts_program_workout_id_seq'::regclass);


--
-- Name: users id; Type: DEFAULT; Schema: public; Owner: michaelprovenzano
--

ALTER TABLE ONLY public.users ALTER COLUMN id SET DEFAULT nextval('public.users_id_seq'::regclass);


--
-- Name: workout_logs workout_log_id; Type: DEFAULT; Schema: public; Owner: michaelprovenzano
--

ALTER TABLE ONLY public.workout_logs ALTER COLUMN workout_log_id SET DEFAULT nextval('public.workout_logs_id_seq'::regclass);


--
-- Name: workouts workout_id; Type: DEFAULT; Schema: public; Owner: michaelprovenzano
--

ALTER TABLE ONLY public.workouts ALTER COLUMN workout_id SET DEFAULT nextval('public.workouts_id_seq'::regclass);


--
-- Name: workouts_exercises workout_exercise_id; Type: DEFAULT; Schema: public; Owner: michaelprovenzano
--

ALTER TABLE ONLY public.workouts_exercises ALTER COLUMN workout_exercise_id SET DEFAULT nextval('public.workouts_exercises_workout_exercise_id_seq'::regclass);


--
-- Data for Name: exercise_logs; Type: TABLE DATA; Schema: public; Owner: michaelprovenzano
--

COPY public.exercise_logs (exercise_log_id, workout_exercise_id, workout_log_id, user_id, total_reps, reps_left, reps_right, total_weight, weight_left, weight_right, notes, date, created_at, total_weight_lifted) FROM stdin;
1012	75	990	1	\N	\N	\N	\N	\N	\N	\N	2020-09-18	2020-09-18 06:17:29.913-04	\N
1013	76	990	1	\N	\N	\N	\N	\N	\N	\N	2020-09-18	2020-09-18 06:17:33.466-04	\N
1014	77	990	1	\N	\N	\N	\N	\N	\N	\N	2020-09-18	2020-09-18 06:17:34.048-04	\N
1015	78	990	1	\N	\N	\N	\N	\N	\N	\N	2020-09-18	2020-09-18 06:17:34.684-04	\N
1016	79	990	1	\N	\N	\N	\N	\N	\N	\N	2020-09-18	2020-09-18 06:17:35.226-04	\N
1017	80	990	1	\N	\N	\N	\N	\N	\N	\N	2020-09-18	2020-09-18 06:17:35.696-04	\N
1018	81	990	1	\N	\N	\N	\N	\N	\N	\N	2020-09-18	2020-09-18 06:17:36.228-04	\N
1019	82	990	1	\N	\N	\N	\N	\N	\N	\N	2020-09-18	2020-09-18 06:17:36.904-04	\N
969	59	968	1	\N	\N	\N	\N	\N	\N	\N	2020-09-15	2020-09-15 16:45:26.492-04	\N
970	60	968	1	\N	\N	\N	\N	\N	\N	\N	2020-09-15	2020-09-15 16:46:02.439-04	\N
971	61	968	1	\N	\N	\N	\N	\N	\N	\N	2020-09-15	2020-09-15 16:48:14.55-04	\N
972	62	968	1	\N	\N	\N	\N	\N	\N	\N	2020-09-15	2020-09-15 16:49:41.393-04	\N
973	63	968	1	\N	\N	\N	\N	\N	\N	\N	2020-09-15	2020-09-15 16:49:54.974-04	\N
1020	83	990	1	\N	\N	\N	\N	\N	\N	\N	2020-09-18	2020-09-18 06:17:38.294-04	\N
974	64	968	1	\N	\N	\N	\N	\N	\N	\N	2020-09-15	2020-09-15 16:49:59.16-04	\N
975	65	968	1	\N	\N	\N	\N	\N	\N	\N	2020-09-15	2020-09-15 16:50:37.719-04	\N
976	66	968	1	\N	\N	\N	\N	\N	\N	\N	2020-09-15	2020-09-15 16:50:43.063-04	\N
977	59	969	1	\N	\N	\N	\N	\N	\N	\N	2020-09-15	2020-09-15 17:22:19.043-04	\N
978	60	969	1	\N	\N	\N	\N	\N	\N	\N	2020-09-15	2020-09-15 17:22:33.413-04	\N
979	61	969	1	\N	\N	\N	\N	\N	\N	\N	2020-09-15	2020-09-15 17:22:34.083-04	\N
1021	84	990	1	\N	\N	\N	\N	\N	\N	\N	2020-09-18	2020-09-18 06:17:38.85-04	\N
980	62	969	1	\N	\N	\N	\N	\N	\N	\N	2020-09-15	2020-09-15 17:22:35.069-04	\N
1022	85	990	1	\N	\N	\N	\N	\N	\N	\N	2020-09-18	2020-09-18 06:17:39.39-04	\N
1023	86	990	1	\N	\N	\N	\N	\N	\N	\N	2020-09-18	2020-09-18 06:17:39.969-04	\N
982	76	976	1	\N	\N	\N	\N	\N	\N	\N	2020-09-16	2020-09-16 05:50:35.09-04	\N
981	75	976	1	\N	\N	\N	\N	\N	\N	\N	2020-09-16	2020-09-16 05:50:24.709-04	\N
1024	87	990	1	\N	\N	\N	\N	\N	\N	\N	2020-09-18	2020-09-18 06:17:40.636-04	\N
983	77	976	1	\N	\N	\N	\N	\N	\N	\N	2020-09-16	2020-09-16 05:50:35.918-04	\N
1025	88	990	1	\N	\N	\N	\N	\N	\N	\N	2020-09-18	2020-09-18 06:17:41.226-04	\N
996	59	987	1	12	\N	\N	\N	\N	\N	\N	\N	\N	\N
997	60	987	1	\N	\N	\N	\N	\N	\N	\N	\N	\N	\N
998	61	987	1	\N	\N	\N	\N	\N	\N	\N	\N	\N	\N
999	62	987	1	\N	\N	\N	\N	\N	\N	\N	\N	\N	\N
1000	63	987	1	\N	\N	\N	\N	\N	\N	\N	\N	\N	\N
1001	64	987	1	\N	\N	\N	\N	\N	\N	\N	\N	\N	\N
1002	65	987	1	\N	\N	\N	\N	\N	\N	\N	\N	\N	\N
1003	66	987	1	\N	\N	\N	\N	\N	\N	\N	\N	\N	\N
1004	67	987	1	\N	\N	\N	\N	\N	\N	\N	\N	\N	\N
1005	68	987	1	\N	\N	\N	\N	\N	\N	\N	\N	\N	\N
1006	69	987	1	\N	\N	\N	\N	\N	\N	\N	\N	\N	\N
1007	70	987	1	\N	\N	\N	\N	\N	\N	\N	\N	\N	\N
1008	71	987	1	\N	\N	\N	\N	\N	\N	\N	\N	\N	\N
1009	72	987	1	\N	\N	\N	\N	\N	\N	\N	\N	\N	\N
1026	89	990	1	\N	\N	\N	\N	\N	\N	\N	2020-09-18	2020-09-18 06:17:41.756-04	\N
1027	90	990	1	\N	\N	\N	\N	\N	\N	\N	2020-09-18	2020-09-18 06:17:42.51-04	\N
1010	73	987	1	\N	\N	\N	\N	\N	\N	\N	\N	\N	\N
1011	74	987	1	\N	\N	\N	\N	\N	\N	\N	\N	\N	\N
1028	40	1001	1	\N	\N	\N	\N	\N	\N	\N	2020-09-18	2020-09-18 06:25:52.586-04	\N
1029	41	1001	1	\N	\N	\N	\N	\N	\N	\N	2020-09-18	2020-09-18 06:26:02.061-04	\N
\.


--
-- Data for Name: exercises; Type: TABLE DATA; Schema: public; Owner: michaelprovenzano
--

COPY public.exercises (exercise_id, exercise, has_reps, is_isometric, has_weight) FROM stdin;
14	Squat	t	f	t
15	Lunge	t	t	t
16	Sumo	t	f	t
17	Weighted Pistol	t	t	t
18	Side Kick	t	t	f
19	Front Kick	t	t	t
20	Albanian Squat	t	t	t
21	Adductor Lunge	t	t	t
22	Cross Reach	t	t	t
23	TT Plus	t	t	f
24	Bridge Kicks	t	t	t
25	Hip Flexor Splits	t	f	f
26	Calf Dog	t	t	f
27	Standard Push-Ups	t	f	f
28	Standard Pull-Ups	t	f	f
29	Military Press	t	f	t
30	Military Push-Ups	t	f	f
31	Chin-Ups	t	f	f
32	Deep Swimmer's Press	t	f	t
33	Fly Push-Ups	t	f	f
34	V Pull-Ups	t	f	f
35	Upright Hammer Pull	t	f	t
36	Staggered Push-Ups	t	t	f
37	Rocket Launcher Row	t	f	t
38	Lateral/Anterior Raise	t	f	t
39	Plyo Push-Ups	t	f	f
40	Vaulter Pull-Ups	t	t	f
41	Pterodactyl Flys	t	f	t
42	Rocket Launcher Kickback	t	f	t
43	Flip Flop Combo	t	f	t
44	Tricep Skyfers	t	t	f
45	Kneeling Preacher Curl	t	f	t
46	Renegade Row	t	f	t
47	Floor Flys	t	f	t
48	A-Press	t	f	t
49	Monkey Pump	t	f	t
50	Pike Press	t	f	f
51	Flipper	t	f	f
52	Popeye Hammer Curls	t	f	t
53	Hail to the Chief	t	f	t
54	Skyfers	t	f	f
55	Arm and Hammer	t	f	t
56	Push-Up/Side Arm Balance	t	f	f
57	Crescent Chair	t	f	f
58	Pull Knee Pull	t	f	f
59	Flip Flop Crunch	t	f	f
60	Crawly Plyo Push-Ups	t	f	f
61	Releve-Plie, Weighted	t	f	t
62	Chin-Up Circle Crunch	t	f	f
63	Boat Plow	t	f	f
64	Balance Arch Press	t	t	t
65	3 Hop Press	t	f	t
66	Glamour Hammer	t	t	t
67	Branon Boat	t	f	f
68	Flying Warrior	t	t	t
69	Squat Rockers	t	f	t
70	Side Rise Punch	t	t	t
71	Warrior Squat Moon	t	t	f
72	Wide Pull-Up	t	f	f
73	Close Grip Pull-Up	t	f	f
74	Wide Push-Up	t	f	f
75	Vaulter Pull-Up | Left Hand Forward	t	f	f
76	Vaulter Pull-Up | Right Hand Forward	t	f	f
77	Staggered Push-Up | Left Hand Forward	t	f	f
78	Staggered Push-Up | Right Hand Forward	t	f	f
\.


--
-- Data for Name: login; Type: TABLE DATA; Schema: public; Owner: michaelprovenzano
--

COPY public.login (id, email, password) FROM stdin;
1	tim@test.com	$2b$10$KNtzmu03aov8ybesyJG3Jugf3k7xZ7hRgf1sjHoi4ORuGeuX/LQzS
11	jimmy@test.com	$2b$10$0v1cxxB7MNMHHK5/AwxGFuzxCKkHLpl/iKUCvVti8CuUYFT3fbrDm
16	jonny@test.com	$2b$10$ViRZKnix21NCPUMZxcckNeQHZNa6LYFKghqAbQGaXbulK9LU1xJzm
18	joe@test.com	$2b$10$M8EwWWjdf61SQpGhAfNOwuDJvxy8uKTsf/iTqcqVgvq90TQ22ULqu
19	tammy@test.com	$2b$10$vW790nUaoZZW9Gee.DU4TONf2fT5X5.TZiByM3AE9/XiCLV2CTVWC
20	johnjohn@test.com	$2b$10$geNSTNedgl1DpMiYBKLeb.sdLSRupAgaf9UTsoVMP4h/.pt3VU/oO
21	mikepmusic@gmail.com	$2b$10$e6UsmlMhyFIICFXY0RIvk.9HyszMgfT8Yp4bGKwG73zeoWlwV36k.
22	littlejohn@test.com	$2b$10$e1R8Jj8UKmJgDtJjHhU66e8g74xSFK/HiMruXVhiRygmth7aSpT8W
23	darius@test.com	$2b$10$E2ZIMRfl39nJhCyViVqzjurJ.O9wX1KFPxAXw4RqcuQfxCxJ1MMmi
24	jimmyjab@test.com	$2b$10$QZAYceo6Q0XglVs6EoJzAOr//tIaBTNGPxeAItYs29G3NRbi/DFd.
25	supermike@test.com	$2b$10$9kDTBEv8D5vb221EA0yjD.A1CmHui.Tm8m2iY3iq7twOiXoYQMQQK
26	supermike2@test.com	$2b$10$zD6tGgjo0naOGaubwjWOUOsQJvN6Fc4tGSLqIqCFRbGsJ.qR2k1lu
27	supermike3@gmail.com	$2b$10$mQ5EsNmbCqFuzcRKFnBhdel45J4uTfppzvuK4fgDVnxbDsW84kdKy
28	superdupermike@test.com	$2b$10$ccBCxHZhZFXJF3e1WTtumeQC7W4SbZw4N8P9cTmhvn2Sjo9pWHFLW
29	supermike4@test.com	$2b$10$S2fJjp48Ec117MRoc1ME5Ox0mijdtMI.UjZTHKTlKCAiZjcxlW.1W
30	supermike10@test.com	$2b$10$18b75y33u2n4vYS/3TdWTOyjivhZOsUKKA2OSLKO1WXF.HKMnd98m
31	supermike12@test.com	$2b$10$t3emb6TgDl9vMQzj7HMH2eqYtQZ5XT3VgD22kVIPUFZBe.gvyTIRy
32	supermike13@test.com	$2b$10$ZDDIDq81LAmNbN2RZJYse.DmtaQL.jR0Wslgk55jdu67D0cGxJfJO
33	supermike14@test.com	$2b$10$fKZWeoWr/0BxLWq0GE24P.cM8GgFYe2PJeGOi/TRJHEDUO0.kwzQK
35	supermike15@test.com	$2b$10$L9bdgGJfJwKM4jr6lMjaGe9dAqGHzxIrqq4.u3trBMm/reMMvkmTS
36	supermike100@test.com	$2b$10$S7y4P0VAVJg0A2jjPc/bkuXyY2dIt8Bn5mmULsP1b66BqIQbNoVtK
\.


--
-- Data for Name: program_logs; Type: TABLE DATA; Schema: public; Owner: michaelprovenzano
--

COPY public.program_logs (program_log_id, program_id, user_id, start_date, created_at, end_date, status, next_workout, next_workout_date, workout_schedule, active_workout_log, next_workout_index, next_program_workout) FROM stdin;
54	1	1	2020-12-15	2020-09-15	2020-12-14	abandoned	4	2020-09-18	{2020-09-15,2020-09-16,2020-09-17,2020-09-18,2020-09-19,2020-09-20,2020-09-21,2020-09-22,2020-09-23,2020-09-24,2020-09-25,2020-09-26,2020-09-27,2020-09-28,2020-09-29,2020-09-30,2020-10-01,2020-10-02,2020-10-03,2020-10-04,2020-10-05,2020-10-06,2020-10-07,2020-10-08,2020-10-09,2020-10-10,2020-10-11,2020-10-12,2020-10-13,2020-10-14,2020-10-15,2020-10-16,2020-10-17,2020-10-18,2020-10-19,2020-10-20,2020-10-21,2020-10-22,2020-10-23,2020-10-24,2020-10-25,2020-10-26,2020-10-27,2020-10-28,2020-10-29,2020-10-30,2020-10-31,2020-11-01,2020-11-02,2020-11-03,2020-11-04,2020-11-05,2020-11-06,2020-11-07,2020-11-08,2020-11-09,2020-11-10,2020-11-11,2020-11-12,2020-11-13,2020-11-14,2020-11-15,2020-11-16,2020-11-17,2020-11-18,2020-11-19,2020-11-20,2020-11-21,2020-11-22,2020-11-23,2020-11-24,2020-11-25,2020-11-26,2020-11-27,2020-11-28,2020-11-29,2020-11-30,2020-12-01,2020-12-02,2020-12-03,2020-12-04,2020-12-05,2020-12-06,2020-12-07,2020-12-08,2020-12-09,2020-12-10,2020-12-11,2020-12-12,2020-12-13,2020-12-14}	\N	3	4
55	1	1	2020-12-16	2020-09-16	2020-12-15	active	10	2020-10-10	{2020-09-16,2020-09-17,2020-09-18,2020-09-19,2020-09-20,2020-09-21,2020-09-22,2020-09-23,2020-09-24,2020-09-25,2020-09-26,2020-09-27,2020-09-28,2020-09-29,2020-09-30,2020-10-01,2020-10-02,2020-10-03,2020-10-04,2020-10-05,2020-10-06,2020-10-07,2020-10-08,2020-10-09,2020-10-10,2020-10-11,2020-10-12,2020-10-13,2020-10-14,2020-10-15,2020-10-16,2020-10-17,2020-10-18,2020-10-19,2020-10-20,2020-10-21,2020-10-22,2020-10-23,2020-10-24,2020-10-25,2020-10-26,2020-10-27,2020-10-28,2020-10-29,2020-10-30,2020-10-31,2020-11-01,2020-11-02,2020-11-03,2020-11-04,2020-11-05,2020-11-06,2020-11-07,2020-11-08,2020-11-09,2020-11-10,2020-11-11,2020-11-12,2020-11-13,2020-11-14,2020-11-15,2020-11-16,2020-11-17,2020-11-18,2020-11-19,2020-11-20,2020-11-21,2020-11-22,2020-11-23,2020-11-24,2020-11-25,2020-11-26,2020-11-27,2020-11-28,2020-11-29,2020-11-30,2020-12-01,2020-12-02,2020-12-03,2020-12-04,2020-12-05,2020-12-06,2020-12-07,2020-12-08,2020-12-09,2020-12-10,2020-12-11,2020-12-12,2020-12-13,2020-12-14,2020-12-15}	983	24	25
56	1	21	2020-12-20	2020-09-20	2020-12-19	abandoned	1	2020-09-20	{2020-09-20,2020-09-21,2020-09-22,2020-09-23,2020-09-24,2020-09-25,2020-09-26,2020-09-27,2020-09-28,2020-09-29,2020-09-30,2020-10-01,2020-10-02,2020-10-03,2020-10-04,2020-10-05,2020-10-06,2020-10-07,2020-10-08,2020-10-09,2020-10-10,2020-10-11,2020-10-12,2020-10-13,2020-10-14,2020-10-15,2020-10-16,2020-10-17,2020-10-18,2020-10-19,2020-10-20,2020-10-21,2020-10-22,2020-10-23,2020-10-24,2020-10-25,2020-10-26,2020-10-27,2020-10-28,2020-10-29,2020-10-30,2020-10-31,2020-11-01,2020-11-02,2020-11-03,2020-11-04,2020-11-05,2020-11-06,2020-11-07,2020-11-08,2020-11-09,2020-11-10,2020-11-11,2020-11-12,2020-11-13,2020-11-14,2020-11-15,2020-11-16,2020-11-17,2020-11-18,2020-11-19,2020-11-20,2020-11-21,2020-11-22,2020-11-23,2020-11-24,2020-11-25,2020-11-26,2020-11-27,2020-11-28,2020-11-29,2020-11-30,2020-12-01,2020-12-02,2020-12-03,2020-12-04,2020-12-05,2020-12-06,2020-12-07,2020-12-08,2020-12-09,2020-12-10,2020-12-11,2020-12-12,2020-12-13,2020-12-14,2020-12-15,2020-12-16,2020-12-17,2020-12-18,2020-12-19}	\N	0	1
53	1	1	2020-12-15	2020-09-15	2020-12-14	abandoned	16	2020-09-21	{2020-09-15,2020-09-16,2020-09-17,2020-09-18,2020-09-19,2020-09-20,2020-09-21,2020-09-22,2020-09-23,2020-09-24,2020-09-25,2020-09-26,2020-09-27,2020-09-28,2020-09-29,2020-09-30,2020-10-01,2020-10-02,2020-10-03,2020-10-04,2020-10-05,2020-10-06,2020-10-07,2020-10-08,2020-10-09,2020-10-10,2020-10-11,2020-10-12,2020-10-13,2020-10-14,2020-10-15,2020-10-16,2020-10-17,2020-10-18,2020-10-19,2020-10-20,2020-10-21,2020-10-22,2020-10-23,2020-10-24,2020-10-25,2020-10-26,2020-10-27,2020-10-28,2020-10-29,2020-10-30,2020-10-31,2020-11-01,2020-11-02,2020-11-03,2020-11-04,2020-11-05,2020-11-06,2020-11-07,2020-11-08,2020-11-09,2020-11-10,2020-11-11,2020-11-12,2020-11-13,2020-11-14,2020-11-15,2020-11-16,2020-11-17,2020-11-18,2020-11-19,2020-11-20,2020-11-21,2020-11-22,2020-11-23,2020-11-24,2020-11-25,2020-11-26,2020-11-27,2020-11-28,2020-11-29,2020-11-30,2020-12-01,2020-12-02,2020-12-03,2020-12-04,2020-12-05,2020-12-06,2020-12-07,2020-12-08,2020-12-09,2020-12-10,2020-12-11,2020-12-12,2020-12-13,2020-12-14}	968	6	7
57	1	21	2020-12-20	2020-09-20	2020-12-19	active	1	2020-09-20	{2020-09-20,2020-09-21,2020-09-22,2020-09-23,2020-09-24,2020-09-25,2020-09-26,2020-09-27,2020-09-28,2020-09-29,2020-09-30,2020-10-01,2020-10-02,2020-10-03,2020-10-04,2020-10-05,2020-10-06,2020-10-07,2020-10-08,2020-10-09,2020-10-10,2020-10-11,2020-10-12,2020-10-13,2020-10-14,2020-10-15,2020-10-16,2020-10-17,2020-10-18,2020-10-19,2020-10-20,2020-10-21,2020-10-22,2020-10-23,2020-10-24,2020-10-25,2020-10-26,2020-10-27,2020-10-28,2020-10-29,2020-10-30,2020-10-31,2020-11-01,2020-11-02,2020-11-03,2020-11-04,2020-11-05,2020-11-06,2020-11-07,2020-11-08,2020-11-09,2020-11-10,2020-11-11,2020-11-12,2020-11-13,2020-11-14,2020-11-15,2020-11-16,2020-11-17,2020-11-18,2020-11-19,2020-11-20,2020-11-21,2020-11-22,2020-11-23,2020-11-24,2020-11-25,2020-11-26,2020-11-27,2020-11-28,2020-11-29,2020-11-30,2020-12-01,2020-12-02,2020-12-03,2020-12-04,2020-12-05,2020-12-06,2020-12-07,2020-12-08,2020-12-09,2020-12-10,2020-12-11,2020-12-12,2020-12-13,2020-12-14,2020-12-15,2020-12-16,2020-12-17,2020-12-18,2020-12-19}	\N	0	1
58	1	20	2020-12-20	2020-09-20	2020-12-19	active	1	2020-09-20	{2020-09-20,2020-09-21,2020-09-22,2020-09-23,2020-09-24,2020-09-25,2020-09-26,2020-09-27,2020-09-28,2020-09-29,2020-09-30,2020-10-01,2020-10-02,2020-10-03,2020-10-04,2020-10-05,2020-10-06,2020-10-07,2020-10-08,2020-10-09,2020-10-10,2020-10-11,2020-10-12,2020-10-13,2020-10-14,2020-10-15,2020-10-16,2020-10-17,2020-10-18,2020-10-19,2020-10-20,2020-10-21,2020-10-22,2020-10-23,2020-10-24,2020-10-25,2020-10-26,2020-10-27,2020-10-28,2020-10-29,2020-10-30,2020-10-31,2020-11-01,2020-11-02,2020-11-03,2020-11-04,2020-11-05,2020-11-06,2020-11-07,2020-11-08,2020-11-09,2020-11-10,2020-11-11,2020-11-12,2020-11-13,2020-11-14,2020-11-15,2020-11-16,2020-11-17,2020-11-18,2020-11-19,2020-11-20,2020-11-21,2020-11-22,2020-11-23,2020-11-24,2020-11-25,2020-11-26,2020-11-27,2020-11-28,2020-11-29,2020-11-30,2020-12-01,2020-12-02,2020-12-03,2020-12-04,2020-12-05,2020-12-06,2020-12-07,2020-12-08,2020-12-09,2020-12-10,2020-12-11,2020-12-12,2020-12-13,2020-12-14,2020-12-15,2020-12-16,2020-12-17,2020-12-18,2020-12-19}	\N	0	1
\.


--
-- Data for Name: programs; Type: TABLE DATA; Schema: public; Owner: michaelprovenzano
--

COPY public.programs (program_id, name, mode, schedule, company) FROM stdin;
1	P90X3	Classic	{4,7,9,5,6,12,16,4,7,9,5,6,12,16,4,7,9,5,6,12,16,13,16,15,10,6,9,16,2,8,9,1,3,11,16,2,8,9,1,3,11,16,2,8,9,1,3,11,16,13,16,15,10,6,9,16,14,7,5,9,8,4,16,14,11,2,8,10,1,16,14,7,5,9,8,4,16,14,11,2,8,10,1,16,13,16,15,10,6,9,16}	Beachbody
\.


--
-- Data for Name: programs_workouts; Type: TABLE DATA; Schema: public; Owner: michaelprovenzano
--

COPY public.programs_workouts (program_id, workout_id, workout_order, alternate_workout_id, program_workout_id) FROM stdin;
1	4	0	\N	1
1	7	1	\N	2
1	9	2	\N	3
1	5	3	\N	4
1	6	4	\N	5
1	12	5	\N	6
1	16	6	\N	7
1	4	7	\N	8
1	7	8	\N	9
1	9	9	\N	10
1	5	10	\N	11
1	6	11	\N	12
1	12	12	\N	13
1	16	13	\N	14
1	4	14	\N	15
1	7	15	\N	16
1	9	16	\N	17
1	5	17	\N	18
1	6	18	\N	19
1	12	19	\N	20
1	16	20	\N	21
1	13	21	\N	22
1	16	22	\N	23
1	15	23	\N	24
1	10	24	\N	25
1	6	25	\N	26
1	9	26	\N	27
1	16	27	\N	28
1	2	28	\N	29
1	8	29	\N	30
1	9	30	\N	31
1	1	31	\N	32
1	3	32	\N	33
1	11	33	\N	34
1	16	34	\N	35
1	2	35	\N	36
1	8	36	\N	37
1	9	37	\N	38
1	1	38	\N	39
1	3	39	\N	40
1	11	40	\N	41
1	16	41	\N	42
1	2	42	\N	43
1	8	43	\N	44
1	9	44	\N	45
1	1	45	\N	46
1	3	46	\N	47
1	11	47	\N	48
1	16	48	\N	49
1	13	49	\N	50
1	16	50	\N	51
1	15	51	\N	52
1	10	52	\N	53
1	6	53	\N	54
1	9	54	\N	55
1	16	55	\N	56
1	14	56	\N	57
1	7	57	\N	58
1	5	58	\N	59
1	9	59	\N	60
1	8	60	\N	61
1	4	61	\N	62
1	16	62	\N	63
1	14	63	\N	64
1	11	64	\N	65
1	2	65	\N	66
1	8	66	\N	67
1	10	67	\N	68
1	1	68	\N	69
1	16	69	\N	70
1	14	70	\N	71
1	7	71	\N	72
1	5	72	\N	73
1	9	73	\N	74
1	8	74	\N	75
1	4	75	\N	76
1	16	76	\N	77
1	14	77	\N	78
1	11	78	\N	79
1	2	79	\N	80
1	8	80	\N	81
1	10	81	\N	82
1	1	82	\N	83
1	16	83	\N	84
1	13	84	\N	85
1	16	85	\N	86
1	15	86	\N	87
1	10	87	\N	88
1	6	88	\N	89
1	9	89	\N	90
1	16	90	\N	91
\.


--
-- Data for Name: users; Type: TABLE DATA; Schema: public; Owner: michaelprovenzano
--

COPY public.users (id, email, name, created_at, role) FROM stdin;
1	tim@test.com	\N	\N	user
2	jimmy@test.com	\N	\N	\N
3	jonny@test.com	\N	\N	user
4	joe@test.com	\N	2020-07-03 10:01:09-04	user
5	tammy@test.com	\N	2020-07-03 10:01:42-04	user
6	johnjohn@test.com	\N	2020-08-06 17:14:06-04	user
7	mikepmusic@gmail.com	\N	2020-09-20 08:57:29-04	user
8	littlejohn@test.com	\N	2020-09-20 09:17:25-04	user
9	darius@test.com	\N	2020-09-20 09:23:51-04	user
10	jimmyjab@test.com	\N	2020-09-20 09:24:47-04	user
11	supermike@test.com	\N	2020-09-20 09:26:29-04	user
12	supermike2@test.com	\N	2020-09-20 09:27:13-04	user
13	supermike3@gmail.com	\N	2020-09-20 09:28:18-04	user
14	superdupermike@test.com	\N	2020-09-20 09:29:49-04	user
15	supermike4@test.com	\N	2020-09-20 09:30:52-04	user
16	supermike10@test.com	\N	2020-09-20 09:33:23-04	user
17	supermike12@test.com	\N	2020-09-20 09:37:18-04	user
18	supermike13@test.com	\N	2020-09-20 09:38:36-04	user
19	supermike14@test.com	\N	2020-09-20 09:44:40-04	user
20	supermike15@test.com	\N	2020-09-20 09:46:33-04	user
21	supermike100@test.com	\N	2020-09-20 10:30:15-04	user
\.


--
-- Data for Name: workout_logs; Type: TABLE DATA; Schema: public; Owner: michaelprovenzano
--

COPY public.workout_logs (workout_log_id, program_log_id, user_id, date, created_at, skipped, active, progress, workout_index, program_workout_id, days_postponed, workout_id) FROM stdin;
978	55	1	2020-09-16	2020-09-16 06:02:25.867	t	f	\N	\N	6	0	12
979	55	1	2020-09-16	2020-09-16 06:02:28.573	\N	f	1	5	7	0	16
980	55	1	2020-09-16	2020-09-16 06:02:41.997	t	f	\N	\N	8	0	4
981	55	1	2020-09-16	2020-09-16 06:03:07.52	\N	f	1	6	9	0	7
982	55	1	2020-09-16	2020-09-16 06:05:13.461	\N	f	1	7	10	0	9
991	55	1	2020-09-18	2020-09-18 06:17:49.679	t	f	\N	\N	19	0	6
956	53	1	2020-09-15	2020-09-15 07:21:59.741	t	f	\N	\N	2	0	7
957	53	1	2020-09-15	2020-09-15 07:22:27.51	t	f	\N	\N	4	0	5
983	55	1	2020-09-17	2020-09-17 06:21:19.782	t	f	\N	8	11	0	5
992	55	1	2020-09-18	2020-09-18 06:25:33.56	\N	f	1	14	20	0	12
993	55	1	2020-09-18	2020-09-18 06:25:37.113	\N	f	1	15	21	0	16
994	55	1	2020-09-18	2020-09-18 06:25:38.79	\N	f	1	16	22	0	13
995	55	1	2020-09-18	2020-09-18 06:25:40.514	\N	f	1	17	23	0	16
996	55	1	2020-09-18	2020-09-18 06:25:42.17	\N	f	1	18	24	0	15
997	55	1	2020-09-18	2020-09-18 06:25:43.69	\N	f	1	19	25	0	10
998	55	1	2020-09-18	2020-09-18 06:25:45.792	\N	f	1	20	26	0	6
999	55	1	2020-09-18	2020-09-18 06:25:47.626	\N	f	1	21	27	0	9
1000	55	1	2020-09-18	2020-09-18 06:25:49.986	\N	f	1	22	28	0	16
1001	55	1	2020-09-18	2020-09-18 06:25:51.506	\N	t	0.10526316	23	29	0	2
984	55	1	2020-09-17	2020-09-17 06:22:20.447	t	f	\N	\N	12	0	6
985	55	1	2020-09-17	2020-09-17 06:22:21.457	t	f	\N	\N	13	0	12
958	53	1	2020-09-15	2020-09-15 07:25:01.916	\N	f	1	0	5	0	6
959	53	1	2020-09-15	2020-09-15 07:26:48.809	t	f	\N	\N	6	0	12
960	53	1	2020-09-15	2020-09-15 07:26:50.306	t	f	\N	\N	7	0	16
961	53	1	2020-09-15	2020-09-15 07:26:54.034	t	f	\N	1	8	0	4
962	53	1	2020-09-15	2020-09-15 07:27:07.544	t	f	\N	\N	9	0	7
963	53	1	2020-09-15	2020-09-15 16:21:28.308	t	f	\N	\N	10	0	9
964	53	1	2020-09-15	2020-09-15 16:21:46.554	t	f	\N	\N	11	0	5
965	53	1	2020-09-15	2020-09-15 16:32:56.176	t	f	\N	2	12	0	6
966	53	1	2020-09-15	2020-09-15 16:33:06.397	\N	f	1	3	13	0	12
967	53	1	2020-09-15	2020-09-15 16:33:11.901	t	f	\N	4	14	0	16
986	55	1	2020-09-18	2020-09-18 05:48:43.708	\N	f	1	9	14	0	16
968	53	1	2020-09-15	2020-09-15 16:33:21.545	\N	f	0.5	5	15	0	4
976	55	1	2020-09-16	2020-09-16 05:49:28.303	f	f	0.1875	3	4	0	5
987	55	1	2020-09-18	2020-09-18 05:48:48.742	t	f	\N	10	15	0	4
969	54	1	2020-09-15	2020-09-15 17:13:46.133	t	f	0.25	0	1	0	4
973	55	1	2020-09-16	2020-09-16 05:35:51.736	\N	f	1	0	1	0	4
974	55	1	2020-09-16	2020-09-16 05:49:18.56	\N	f	1	1	2	0	7
975	55	1	2020-09-16	2020-09-16 05:49:24.502	\N	f	1	2	3	0	9
977	55	1	2020-09-16	2020-09-16 06:01:21.793	\N	f	1	4	5	0	6
970	54	1	2020-09-16	2020-09-16 05:27:57.099	\N	f	1	1	2	0	7
971	54	1	2020-09-16	2020-09-16 05:27:58.712	\N	f	1	2	3	0	9
972	54	1	2020-09-16	2020-09-16 05:28:02.996	t	f	\N	\N	4	0	5
988	55	1	2020-09-18	2020-09-18 06:16:10.72	\N	f	1	11	16	0	7
989	55	1	2020-09-18	2020-09-18 06:16:13.039	\N	f	1	12	17	0	9
990	55	1	2020-09-18	2020-09-18 06:16:15.653	\N	f	1	13	18	0	5
\.


--
-- Data for Name: workouts; Type: TABLE DATA; Schema: public; Owner: michaelprovenzano
--

COPY public.workouts (workout_id, name, exercises, program) FROM stdin;
1	Eccentric Lower	{14,15,16,17,18,19,20,21,22,23,24,25,26}	P90X3
3	Incinerator	{46,28,47,27,37,31,48,49,50,41,51,52,45,53,54,55,42}	P90X3
2	Eccentric Upper	{27,28,29,30,31,32,33,34,35,36,37,38,39,40,41,42,43,44,45}	P90X3
4	Total Synergistics	{56,57,58,59,60,61,62,63,64,65,66,67,68,69,70,71}	P90X3
5	The Challenge	{72,27,72,27,31,30,31,30,73,74,73,74,76,78,75,77}	P90X3
6	CVX	{}	P90X3
7	Agility X	{}	P90X3
8	Triometrics	{}	P90X3
9	X3 Yoga	{}	P90X3
10	Pilates X	{}	P90X3
11	MMX	{}	P90X3
12	The Warrior	{}	P90X3
13	Isometrix	{}	P90X3
14	Decelerator	{}	P90X3
15	Accelerator	{}	P90X3
16	Dynamix	{}	P90X3
\.


--
-- Data for Name: workouts_exercises; Type: TABLE DATA; Schema: public; Owner: michaelprovenzano
--

COPY public.workouts_exercises (workout_exercise_id, exercise_id, workout_id, exercise_order) FROM stdin;
10	14	1	0
11	15	1	1
12	16	1	2
13	17	1	3
14	18	1	4
15	19	1	5
16	20	1	6
17	21	1	7
18	22	1	8
19	23	1	9
20	24	1	10
21	25	1	11
22	26	1	12
23	46	3	0
24	28	3	1
25	47	3	2
26	27	3	3
27	37	3	4
28	31	3	5
29	48	3	6
30	49	3	7
31	50	3	8
32	41	3	9
33	51	3	10
34	52	3	11
35	45	3	12
36	53	3	13
37	54	3	14
38	55	3	15
39	42	3	16
40	27	2	0
41	28	2	1
42	29	2	2
43	30	2	3
44	31	2	4
45	32	2	5
46	33	2	6
47	34	2	7
48	35	2	8
49	36	2	9
50	37	2	10
51	38	2	11
52	39	2	12
53	40	2	13
54	41	2	14
55	42	2	15
56	43	2	16
57	44	2	17
58	45	2	18
59	56	4	0
60	57	4	1
61	58	4	2
62	59	4	3
63	60	4	4
64	61	4	5
65	62	4	6
66	63	4	7
67	64	4	8
68	65	4	9
69	66	4	10
70	67	4	11
71	68	4	12
72	69	4	13
73	70	4	14
74	71	4	15
75	72	5	0
76	27	5	1
77	72	5	2
78	27	5	3
79	31	5	4
80	30	5	5
81	31	5	6
82	30	5	7
83	73	5	8
84	74	5	9
85	73	5	10
86	74	5	11
87	76	5	12
88	78	5	13
89	75	5	14
90	77	5	15
\.


--
-- Name: exercise_logs_id_seq; Type: SEQUENCE SET; Schema: public; Owner: michaelprovenzano
--

SELECT pg_catalog.setval('public.exercise_logs_id_seq', 1029, true);


--
-- Name: exercises_id_seq; Type: SEQUENCE SET; Schema: public; Owner: michaelprovenzano
--

SELECT pg_catalog.setval('public.exercises_id_seq', 78, true);


--
-- Name: login_id_seq; Type: SEQUENCE SET; Schema: public; Owner: michaelprovenzano
--

SELECT pg_catalog.setval('public.login_id_seq', 36, true);


--
-- Name: program_logs_id_seq; Type: SEQUENCE SET; Schema: public; Owner: michaelprovenzano
--

SELECT pg_catalog.setval('public.program_logs_id_seq', 58, true);


--
-- Name: programs_id_seq; Type: SEQUENCE SET; Schema: public; Owner: michaelprovenzano
--

SELECT pg_catalog.setval('public.programs_id_seq', 1, true);


--
-- Name: programs_workouts_program_workout_id_seq; Type: SEQUENCE SET; Schema: public; Owner: michaelprovenzano
--

SELECT pg_catalog.setval('public.programs_workouts_program_workout_id_seq', 91, true);


--
-- Name: users_id_seq; Type: SEQUENCE SET; Schema: public; Owner: michaelprovenzano
--

SELECT pg_catalog.setval('public.users_id_seq', 21, true);


--
-- Name: workout_logs_id_seq; Type: SEQUENCE SET; Schema: public; Owner: michaelprovenzano
--

SELECT pg_catalog.setval('public.workout_logs_id_seq', 1001, true);


--
-- Name: workouts_exercises_workout_exercise_id_seq; Type: SEQUENCE SET; Schema: public; Owner: michaelprovenzano
--

SELECT pg_catalog.setval('public.workouts_exercises_workout_exercise_id_seq', 90, true);


--
-- Name: workouts_id_seq; Type: SEQUENCE SET; Schema: public; Owner: michaelprovenzano
--

SELECT pg_catalog.setval('public.workouts_id_seq', 16, true);


--
-- Name: login login_email_key; Type: CONSTRAINT; Schema: public; Owner: michaelprovenzano
--

ALTER TABLE ONLY public.login
    ADD CONSTRAINT login_email_key UNIQUE (email);


--
-- Name: programs programs_pk; Type: CONSTRAINT; Schema: public; Owner: michaelprovenzano
--

ALTER TABLE ONLY public.programs
    ADD CONSTRAINT programs_pk PRIMARY KEY (program_id);


--
-- Name: programs_workouts programs_workouts_pk; Type: CONSTRAINT; Schema: public; Owner: michaelprovenzano
--

ALTER TABLE ONLY public.programs_workouts
    ADD CONSTRAINT programs_workouts_pk PRIMARY KEY (program_workout_id);


--
-- Name: users users_email_key; Type: CONSTRAINT; Schema: public; Owner: michaelprovenzano
--

ALTER TABLE ONLY public.users
    ADD CONSTRAINT users_email_key UNIQUE (email);


--
-- Name: workout_logs workout_logs_pk; Type: CONSTRAINT; Schema: public; Owner: michaelprovenzano
--

ALTER TABLE ONLY public.workout_logs
    ADD CONSTRAINT workout_logs_pk PRIMARY KEY (workout_log_id);


--
-- Name: workouts_exercises workouts_exercises_pk; Type: CONSTRAINT; Schema: public; Owner: michaelprovenzano
--

ALTER TABLE ONLY public.workouts_exercises
    ADD CONSTRAINT workouts_exercises_pk PRIMARY KEY (workout_exercise_id);


--
-- Name: workouts workouts_pk; Type: CONSTRAINT; Schema: public; Owner: michaelprovenzano
--

ALTER TABLE ONLY public.workouts
    ADD CONSTRAINT workouts_pk PRIMARY KEY (workout_id);


--
-- PostgreSQL database dump complete
--

